{"name":"t:sections.footer.name","type":"footer","sections":{"1a079b75-80bd-4110-a3f1-945e26488161":{"type":"newsletter","settings":{"color_scheme":"","full_width":true,"padding_top":40,"padding_bottom":52}},"footer":{"type":"footer","blocks":{"17520c07-042b-4de5-830d-e459d5ad5522":{"type":"brand_information","disabled":true,"settings":{"show_social":false}}},"block_order":["17520c07-042b-4de5-830d-e459d5ad5522"],"settings":{"color_scheme":"background-1","newsletter_enable":false,"newsletter_heading":"","enable_follow_on_shop":true,"show_social":true,"enable_country_selector":true,"enable_language_selector":true,"payment_enable":true,"show_policy":true,"margin_top":0,"padding_top":44,"padding_bottom":40}}},"order":["1a079b75-80bd-4110-a3f1-945e26488161","footer"]}