{"name":"t:sections.header.name","type":"header","sections":{"header":{"type":"header","settings":{"logo_position":"middle-center","menu":"main-menu","menu_type_desktop":"mega","sticky_header_type":"always","show_line_separator":true,"color_scheme":"background-1","menu_color_scheme":"accent-2","enable_country_selector":true,"enable_language_selector":true,"mobile_logo_position":"left","margin_bottom":8,"padding_top":20,"padding_bottom":20}},"d76e4650-0687-4c4c-8b03-018495560f6a":{"type":"announcement-bar","blocks":{"sections--20489583231285__d76e4650-0687-4c4c-8b03-018495560f6a-announcement-1":{"type":"announcement","settings":{"text":"Магазин техники","link":""}}},"block_order":["sections--20489583231285__d76e4650-0687-4c4c-8b03-018495560f6a-announcement-1"],"settings":{"color_scheme":"inverse","show_line_separator":true,"show_social":true,"auto_rotate":true,"change_slides_speed":5,"enable_country_selector":false,"enable_language_selector":true}}},"order":["header","d76e4650-0687-4c4c-8b03-018495560f6a"]}