{"sections":{"banner":{"type":"main-collection-banner","disabled":true,"settings":{"show_collection_description":false,"show_collection_image":false,"color_scheme":"background-1"}},"product-grid":{"type":"main-collection-product-grid","settings":{"products_per_page":16,"columns_desktop":4,"image_ratio":"portrait","image_shape":"default","show_secondary_image":true,"show_vendor":false,"show_rating":false,"enable_quick_add":false,"enable_filtering":true,"filter_type":"drawer","enable_sorting":true,"columns_mobile":"1","padding_top":0,"padding_bottom":40}},"75950354-0e4a-481f-8a35-32dda389f9cf":{"type":"collage","blocks":{"template--20489582674229__75950354-0e4a-481f-8a35-32dda389f9cf-image-1":{"type":"image","settings":{"image":"shopify:\/\/shop_images\/tehnika-apple-propala-iz-m-video-re-store-i-drugih-magazinov_16462107051354513748.jpg"}},"template--20489582674229__75950354-0e4a-481f-8a35-32dda389f9cf-product-1":{"type":"product","settings":{"product":"iphone-12-promax-128gb","second_image":false}},"template--20489582674229__75950354-0e4a-481f-8a35-32dda389f9cf-collection-1":{"type":"collection","settings":{"collection":""}}},"block_order":["template--20489582674229__75950354-0e4a-481f-8a35-32dda389f9cf-image-1","template--20489582674229__75950354-0e4a-481f-8a35-32dda389f9cf-product-1","template--20489582674229__75950354-0e4a-481f-8a35-32dda389f9cf-collection-1"],"disabled":true,"settings":{"heading":"Multimedia collage","heading_size":"h1","desktop_layout":"left","mobile_layout":"column","card_styles":"product-card-wrapper","color_scheme":"","padding_top":36,"padding_bottom":36}}},"order":["banner","product-grid","75950354-0e4a-481f-8a35-32dda389f9cf"]}