{"sections":{"4c6c6eaa-26dc-4209-a1b3-a7d0d1215676":{"type":"slideshow","blocks":{"template--20489582706997__4c6c6eaa-26dc-4209-a1b3-a7d0d1215676-slide-1":{"type":"slide","settings":{"image":"shopify:\/\/shop_images\/pasted_image_0.png","heading":"I TECH - магазин техники","heading_size":"h1","subheading":"Лучшая техника только у нас","button_label":"Купить","link":"shopify:\/\/collections\/all","button_style_secondary":true,"box_align":"top-center","show_text_box":true,"text_alignment":"center","image_overlay_opacity":0,"color_scheme":"accent-1","text_alignment_mobile":"center"}},"template--20489582706997__4c6c6eaa-26dc-4209-a1b3-a7d0d1215676-slide-2":{"type":"slide","settings":{"image":"shopify:\/\/shop_images\/ecosystem_apple_top_access_aliexpress_111-750x418.jpg","heading":"Покупай технику в рассрочку","heading_size":"h1","subheading":"Мы работаем с Kaspi, Freedom, Forte","button_label":"Купить","link":"shopify:\/\/collections\/all","button_style_secondary":true,"box_align":"middle-center","show_text_box":true,"text_alignment":"center","image_overlay_opacity":0,"color_scheme":"accent-1","text_alignment_mobile":"center"}}},"block_order":["template--20489582706997__4c6c6eaa-26dc-4209-a1b3-a7d0d1215676-slide-1","template--20489582706997__4c6c6eaa-26dc-4209-a1b3-a7d0d1215676-slide-2"],"settings":{"layout":"full_bleed","slide_height":"medium","slider_visual":"dots","auto_rotate":true,"change_slides_speed":5,"image_behavior":"none","show_text_below":true,"accessibility_info":"Slideshow about our brand"}},"f985a421-b2a7-4b48-bd6e-12a3d45ef413":{"type":"multirow","blocks":{"0de183de-ad31-4478-945d-6cb06e66a9cb":{"type":"row","settings":{"image":"shopify:\/\/shop_images\/tehnika-apple-propala-iz-m-video-re-store-i-drugih-magazinov_16462107051354513748.jpg","caption":"Iphone 12 pro max","heading":"","text":"<ul><li>технология NFC: Да<\/li><li>цвет: синий<\/li><li>тип экрана: сенсорный, мультитач OLED Super Retina XDR<\/li><li>диагональ: 6.7 дюйм<\/li><li>размер оперативной памяти: 6 ГБ<\/li><li>процессор: 6-ядерный Apple A14 Bionic<\/li><li>объем встроенной памяти: 128.0 ГБ<\/li><li>емкость аккумулятора: 3687.0 мАч<\/li><\/ul>","button_label":"Купить","button_link":"shopify:\/\/products\/iphone-12-promax-128gb"}}},"block_order":["0de183de-ad31-4478-945d-6cb06e66a9cb"],"settings":{"image_height":"medium","desktop_image_width":"medium","heading_size":"h1","text_style":"body","button_style":"secondary","desktop_content_position":"middle","desktop_content_alignment":"left","image_layout":"alternate-left","section_color_scheme":"accent-1","row_color_scheme":"background-2","mobile_content_alignment":"left","padding_top":36,"padding_bottom":36}},"featured_collection":{"type":"featured-collection","settings":{"title":"","heading_size":"h2","description":"","show_description":true,"description_style":"uppercase","collection":"all","products_to_show":4,"columns_desktop":4,"full_width":false,"show_view_all":false,"view_all_style":"solid","enable_desktop_slider":false,"color_scheme":"background-1","image_ratio":"portrait","image_shape":"default","show_secondary_image":false,"show_vendor":false,"show_rating":false,"enable_quick_add":false,"columns_mobile":"2","swipe_on_mobile":false,"padding_top":0,"padding_bottom":40}},"587d4115-049a-477e-a6ff-c0a56dccc8b2":{"type":"multicolumn","blocks":{"template--20489582706997__587d4115-049a-477e-a6ff-c0a56dccc8b2-column-1":{"type":"column","settings":{"title":"Маргарита","text":"<p>Купила в рассрочку, быстро оформили через каспи покупкой довольна<\/p>","link_label":"","link":""}},"template--20489582706997__587d4115-049a-477e-a6ff-c0a56dccc8b2-column-2":{"type":"column","settings":{"title":"Олег","text":"<p>Купил ноутбук, покупкой доволен спасибо за все!<\/p>","link_label":"","link":""}},"template--20489582706997__587d4115-049a-477e-a6ff-c0a56dccc8b2-column-3":{"type":"column","settings":{"title":"Асылбек","text":"<p>Приобрел Iphone XR. Все было быстро и четко спасибо<\/p>","link_label":"","link":""}}},"block_order":["template--20489582706997__587d4115-049a-477e-a6ff-c0a56dccc8b2-column-1","template--20489582706997__587d4115-049a-477e-a6ff-c0a56dccc8b2-column-2","template--20489582706997__587d4115-049a-477e-a6ff-c0a56dccc8b2-column-3"],"settings":{"title":"Отзывы","heading_size":"h1","image_width":"full","image_ratio":"adapt","columns_desktop":3,"column_alignment":"left","background_style":"primary","button_label":"","button_link":"","color_scheme":"accent-1","columns_mobile":"2","swipe_on_mobile":false,"padding_top":36,"padding_bottom":36}}},"order":["4c6c6eaa-26dc-4209-a1b3-a7d0d1215676","f985a421-b2a7-4b48-bd6e-12a3d45ef413","featured_collection","587d4115-049a-477e-a6ff-c0a56dccc8b2"]}