{"sections":{"7d73e5d3-bf85-45e7-99e9-dcb996373d22":{"type":"image-banner","blocks":{"template--20489582772533__7d73e5d3-bf85-45e7-99e9-dcb996373d22-heading-1":{"type":"heading","disabled":true,"settings":{"heading":"Image banner","heading_size":"h1"}},"template--20489582772533__7d73e5d3-bf85-45e7-99e9-dcb996373d22-text-1":{"type":"text","disabled":true,"settings":{"text":"Give customers details about the banner image(s) or content on the template.","text_style":"body"}},"template--20489582772533__7d73e5d3-bf85-45e7-99e9-dcb996373d22-buttons-1":{"type":"buttons","disabled":true,"settings":{"button_label_1":"Button label","button_link_1":"","button_style_secondary_1":false,"button_label_2":"Button label","button_link_2":"","button_style_secondary_2":false}}},"block_order":["template--20489582772533__7d73e5d3-bf85-45e7-99e9-dcb996373d22-heading-1","template--20489582772533__7d73e5d3-bf85-45e7-99e9-dcb996373d22-text-1","template--20489582772533__7d73e5d3-bf85-45e7-99e9-dcb996373d22-buttons-1"],"settings":{"image":"shopify:\/\/shop_images\/portrait-of-illuminated-laptop.jpg","image_2":"shopify:\/\/shop_images\/pasted_image_0.png","image_overlay_opacity":0,"image_height":"small","desktop_content_position":"top-left","show_text_box":true,"desktop_content_alignment":"center","color_scheme":"","image_behavior":"none","mobile_content_alignment":"center","stack_images_on_mobile":true,"show_text_below":true}},"main":{"type":"main-page","disabled":true,"settings":{"padding_top":28,"padding_bottom":28}},"rich-text":{"type":"rich-text","blocks":{"heading":{"type":"heading","settings":{"heading":"О нас","heading_size":"h0"}},"text":{"type":"text","settings":{"text":"<p>Товары по самым доступным ценам в магазине техники BatysTechnoMarket!<br\/>Работаем каждый день без перерывов и выходных 24\/7.<br\/>Доставка по городу<br\/><br\/>Мы находимся по адресу: г.Актау 14 микрорайон тц Астана Батыс Марке<\/p>"}},"button":{"type":"button","disabled":true,"settings":{"button_label":"Button label","button_link":"","button_style_secondary":false,"button_label_2":"","button_link_2":"","button_style_secondary_2":false}}},"block_order":["heading","text","button"],"settings":{"desktop_content_position":"center","content_alignment":"center","color_scheme":"background-1","full_width":true,"padding_top":0,"padding_bottom":0}}},"order":["7d73e5d3-bf85-45e7-99e9-dcb996373d22","main","rich-text"]}